<?xml version="1.0" encoding="UTF-8"?>
<!DOCTYPE mapper PUBLIC "-//mybatis.org//DTD Mapper 3.0//EN" "http://mybatis.org/dtd/mybatis-3-mapper.dtd" >
<mapper namespace="qnaBoard">
	<resultMap type="com.kh.maison.qnaBoard.model.vo.QnaBoardVo" id="qnaBoardMap">
		
	</resultMap>

	<insert id="insertQnaBoard" parameterType="com.kh.maison.qnaBoard.model.vo.QnaBoardVo">
		INSERT INTO QNABOARD VALUES(SEQ_QBNO.NEXTVAL,#{memberId},#{qnaTitle},#{qnaContent},sysdate,#{qnaSecret},#{qnaPw},default)
	</insert>
	
	<select id="selectList" resultMap="qnaBoardMap">
		SELECT *FROM QNABOARD
	</select>
	
	<select id="selectQna" parameterType="_int" resultType="com.kh.maison.qnaBoard.model.vo.QnaBoardVo">
		SELECT*FROM QNABOARD WHERE QNANO=#{no}
	</select>
	
</mapper>