<?xml version="1.0" encoding="UTF-8"?>
<beans xmlns="http://www.springframework.org/schema/beans"
	xmlns:xsi="http://www.w3.org/2001/XMLSchema-instance"
	xmlns:tx="http://www.springframework.org/schema/tx"
	xmlns:aop="http://www.springframework.org/schema/aop"
	xsi:schemaLocation="http://www.springframework.org/schema/beans https://www.springframework.org/schema/beans/spring-beans.xsd
		http://www.springframework.org/schema/aop http://www.springframework.org/schema/aop/spring-aop-4.3.xsd
		http://www.springframework.org/schema/tx http://www.springframework.org/schema/tx/spring-tx-4.3.xsd">
		
		
	
	<!-- Root Context: defines shared resources visible to all other web components -->
	<bean id="dataSource" class="org.apache.commons.dbcp.BasicDataSource"
	destroy-method="close">
		<!-- DB에 대한 연결정보의 값을 각 필드에 대입해줌 -->
		<!-- property나오면   setter-->
		<property name="driverClassName" value="oracle.jdbc.driver.OracleDriver"/>
		<property name="url" value="jdbc:oracle:thin:@localhost:1521:xe"/>
		<property name="username" value="maison"/>
		<property name="password" value="maison"/>
	</bean>
	<bean id="sqlSessionFactoryBean" class="org.mybatis.spring.SqlSessionFactoryBean">
		<!-- DB연결정보,Config, Mapper파일의 위치정보를 등록함 -->
		<!-- value안하고 ref로 넣어줌. 이것도 의존성 주입 쩌 위에 id="dataSource"를 넣어준거.  -->
		<property name="dataSource" ref="dataSource"/>
		<!-- classpath 사실상 전체 resource 컴파일 위치. src가 들어가는 위치  -->
		<property name="configLocation" value="classpath:mybatis-config.xml" />
		<!-- 몇개든 상관없어 classpath밑에 mapper폴더 밑에 있는 xml은 다 mapper야 -->
		<property name="mapperLocations" value="classpath:mapper/**/*.xml"/>
	</bean>
	<bean id="sqlSessionTemplate" class="org.mybatis.spring.SqlSessionTemplate">
		<!-- 디폴트 생성자가 없어서 에러가 남. 
		디폴트로 생성한 다음에 setter로 넣는거니까 -->
		<constructor-arg index="0" ref="sqlSessionFactoryBean"/>
	</bean>
			
</beans>
